20/05/2022,DMC Global Inc.,1430.54,3095564100-11
13/06/2022,Sumitomo Mitsui Financial Group Inc,767.61,8610833160-26
15/06/2022,"SunTrust Banks, Inc.",1791.98,1494778500-35
08/06/2022,"National CineMedia, Inc.",873.69,1209154500-34
12/06/2022,Pacific Gas & Electric Co.,1596.9,3711950255-62
19/06/2022,iStar Financial Inc.,1404.57,2781650240-57
07/05/2022,Arbor Realty Trust,1201.9,3372659165-29
28/05/2022,"Aevi Genomic Medicine, Inc.",477.21,3991704200-44
10/05/2022,Huntington Bancshares Incorporated,1120.07,3564403195-42
11/06/2022,"Orexigen Therapeutics, Inc.",1508.86,3357358775-36
09/06/2022,"Bravo Brio Restaurant Group, Inc.",294.3,3980630210-47
12/05/2022,"AMERISAFE, Inc.",1494.4,1804134790-55
09/05/2022,Jones Lang LaSalle Incorporated,173.39,8539311185-38
08/05/2022,iShares S&P/Citigroup 1-3 Year International Treasury Bond Fun,844.1,2604478460-25
16/05/2022,"Echo Global Logistics, Inc.",1891.32,3058594165-31
14/06/2022,Wells Fargo & Company,812.62,1770034500-34
19/06/2022,Entegra Financial Corp.,810.01,2438191790-46
06/05/2022,"Corvus Pharmaceuticals, Inc.",820.85,2003723160-27
21/06/2022,Capital One Financial Corporation,677.27,8510295170-35
20/06/2022,ObsEva SA,221.46,6106717235-55
29/05/2022,Kimco Realty Corporation,547.58,1634422235-56
22/06/2022,Federal Agricultural Mortgage Corporation,1026.68,1773429190-40
30/05/2022,BHP Billiton plc,961.33,3577799195-41
25/06/2022,Integer Holdings Corporation,74.47,3072163825-63
19/05/2022,"CGI Group, Inc.",447.74,3345594710-13
23/05/2022,"LivePerson, Inc.",529.59,1278944240-58
03/06/2022,Physicians Realty Trust,298.77,4838049195-41
04/06/2022,Nuveen Connecticut Quality Municipal Income Fund,1837.27,3844017530-42
01/06/2022,Nuveen New York Municipal Value Fund 2,251.67,2004896105-12
03/05/2022,Eaton Vance Tax-Advantaged Global Dividend Income Fund,1144.36,6965629835-68
29/05/2022,"Fusion Telecommunications International, Inc.",732.8,3051347235-56
13/06/2022,"ADTRAN, Inc.",445.96,6691103865-75
18/05/2022,JetBlue Airways Corporation,865.56,7979432705-11
29/06/2022,"TeleTech Holdings, Inc.",1903.6,3082894210-46
28/05/2022,"Dermira, Inc.",1541.96,2898421235-56
28/05/2022,"Presidio, Inc.",330.12,1616196790-46
04/06/2022,Pattern Energy Group Inc.,1771.36,3079478200-43
29/06/2022,"Peak Resorts, Inc.",473.29,3699372235-55
23/05/2022,"Nelnet, Inc.",23.75,3983967745-23
08/06/2022,BlackRock Utility and Infrastructure Trust,58.48,3060240400-11
18/05/2022,Southern Copper Corporation,1475.47,2100656235-55
09/05/2022,"Tesla, Inc. ",249.27,1956188165-31
08/05/2022,Entegra Financial Corp.,1567.53,2796007195-41
05/06/2022,Trinity Biotech plc,48.92,6967200485-31
11/06/2022,Principal Shareholder Yield Index ETF,1475.15,8631286170-35
29/06/2022,"Del Taco Restaurants, Inc.",1711.23,5176011400-11
19/05/2022,"Tower International, Inc.",1089.31,4607455755-25
18/05/2022,"Famous Dave's of America, Inc.",297.06,4596076160-27
11/05/2022,"First Guaranty Bancshares, Inc.",1874.45,2438437475-29
03/06/2022,ClearSign Combustion Corporation,576.03,1013878215-48
02/06/2022,"CBRE Group, Inc.",1933.32,1017257705-12
02/06/2022,"Rudolph Technologies, Inc.",728.71,1614754765-29
21/06/2022,Vedanta  Limited,762.92,5190534235-55
24/05/2022,"Hartford Financial Services Group, Inc. (The)",949.85,1998479775-32
22/05/2022,"MIDSTATES PETROLEUM COMPANY, INC.",1466.1,1796214165-28
05/05/2022,Pacific Continental Corporation (Ore),27.09,3341941190-40
05/06/2022,Fair Isaac Corporation,1368.76,3602875235-56
28/06/2022,"BLACKROCK INTERNATIONAL, LTD.",1479.65,1622007200-44
10/05/2022,Mazor Robotics Ltd.,1212.71,3081988500-34
05/06/2022,"People's United Financial, Inc.",1002.81,1771061790-49
21/05/2022,"Honda Motor Company, Ltd.",686.41,1646727165-33
20/05/2022,"Obalon Therapeutics, Inc.",660.48,7531322790-46
05/05/2022,"The Andersons, Inc.",440.39,8617490740-21
05/06/2022,Select Medical Holdings Corporation,675.96,5378689765-29
05/05/2022,EPR Properties,1523.98,2298145270-67
18/05/2022,Crestwood Equity Partners LP,1699.15,6416388240-57
23/05/2022,"USA Truck, Inc.",1901.72,1757791160-27
31/05/2022,Canadian Pacific Railway Limited,1342.81,2805698840-70
29/05/2022,Statoil ASA,686.99,1990913860-74
15/05/2022,"Dominion Energy, Inc.",592.32,4616828210-46
18/06/2022,Pyxis Tankers Inc.,1461.01,2900438500-34
07/06/2022,VanEck Vectors Pharmaceutical ETF,1776.12,3091306415-14
02/05/2022,Mesoblast Limited,515.54,4851534510-37
26/06/2022,Colonial Municipal Income Trust,1223.77,1958659500-34
26/06/2022,"American Financial Group, Inc.",596.65,3051735160-25
15/06/2022,BSQUARE Corporation,132.71,4333029550-47
19/06/2022,"Bankrate, Inc.",46.51,1199977765-27
29/06/2022,Seaspan Corporation,947.51,7741986775-33
21/06/2022,China Zenix Auto International Limited,1325.29,1236070190-40
14/05/2022,"Investors Bancorp, Inc.",957.17,3727601235-56
12/06/2022,Green Dot Corporation,91.83,3396044825-62
24/05/2022,"PNC Financial Services Group, Inc. (The)",783.59,4813804775-36
27/05/2022,Acxiom Corporation,1028.67,2759208195-41
29/05/2022,Andina Acquisition Corp. II,416.51,3048269500-34
15/06/2022,DoubleLine Opportunistic Credit Fund,617.11,3327429235-56
25/06/2022,Middlesex Water Company,875.6,1273833825-62
14/06/2022,"ConAgra Brands, Inc.",1340.95,3051023255-62
24/06/2022,Vectren Corporation,391.75,1626692190-39
25/05/2022,QAD Inc.,1999.89,2091805775-36
06/05/2022,Dividend and Income Fund,1021.29,6419669450-22
25/06/2022,"Basic Energy Services, Inc.",1294.19,2299667820-61
01/06/2022,Oshkosh Corporation,221.38,3346170790-46
22/05/2022,First Trust Capital Strength ETF,316.83,5401102840-70
10/06/2022,Ultralife Corporation,241.5,6678611810-59
13/05/2022,Babson Global Short Duration High Yield Fund,1365.72,3393703165-31
23/06/2022,"Oncobiologics, Inc.",168.11,5175322165-31
19/06/2022,Silver Run Acquisition Corporation II,434.72,4851363500-34
07/05/2022,Quinpario Acquisition Corp. 2,190.41,2288020160-27
12/05/2022,RLI Corp.,1367.34,4888640190-39
21/06/2022,BOK Financial Corporation,1969.1,3054076165-28
11/06/2022,"StealthGas, Inc.",732.52,3095564100-11
07/05/2022,"Sportsman's Warehouse Holdings, Inc.",1798.71,8610833160-26
08/05/2022,KBS Fashion Group Limited,1727.86,1494778500-35
22/05/2022,"Athersys, Inc.",1961.64,1209154500-34
24/06/2022,"ServiceMaster Global Holdings, Inc.",1833.22,3711950255-62
11/05/2022,Ares Capital Corporation,599.4,2781650240-57
26/05/2022,SL Green Realty Corporation,1314.71,3372659165-29
04/05/2022,DDR Corp.,435.61,3991704200-44
19/05/2022,"Imperva, Inc.",608.76,3564403195-42
18/05/2022,CSI Compressco LP,1081.65,3357358775-36
11/05/2022,"Independence Contract Drilling, Inc.",508.27,3980630210-47
04/06/2022,Zions Bancorporation,1473.54,1804134790-55
30/05/2022,"Conn's, Inc.",930.13,8539311185-38
19/05/2022,Gilat Satellite Networks Ltd.,247.97,2604478460-25
12/05/2022,Tribune Media Company,1720.65,3058594165-31
18/06/2022,LCI Industries ,1617.04,1770034500-34
06/05/2022,Brightcove Inc.,611.87,2438191790-46
08/05/2022,First Trust/Aberdeen Global Opportunity Income Fund,986.36,2003723160-27
30/05/2022,Community Healthcare Trust Incorporated,351.46,8510295170-35
31/05/2022,"Merrill Lynch & Co., Inc.",1656.11,6106717235-55
06/05/2022,El Paso Electric Company,124.06,1634422235-56
08/06/2022,CPB Inc.,1474.74,1773429190-40
21/05/2022,Vanguard Mortgage-Backed Securities ETF,1054.96,3577799195-41
21/06/2022,"Energy XXI Gulf Coast, Inc.",774.11,3072163825-63
14/06/2022,Ardmore Shipping Corporation,873.43,3345594710-13
28/05/2022,"1-800 FLOWERS.COM, Inc.",15.09,1278944240-58
31/05/2022,The Organics ETF,1538.16,4838049195-41
13/05/2022,"Professional Diversity Network, Inc.",482.35,3844017530-42
02/05/2022,"Overseas Shipholding Group, Inc.",437.34,2004896105-12
29/06/2022,Hersha Hospitality Trust,1343.99,6965629835-68
08/06/2022,Westwood Holdings Group Inc,1616.15,3051347235-56
07/06/2022,"Verisk Analytics, Inc.",1141.5,6691103865-75
20/05/2022,Dividend and Income Fund,871.53,7979432705-11
09/06/2022,Akari Therapeutics Plc,1847.3,3082894210-46
30/05/2022,"SandRidge Energy, Inc.",437.23,2898421235-56
12/06/2022,Xactly Corporation,1324.4,1616196790-46
07/05/2022,"Magyar Bancorp, Inc.",1093.56,3079478200-43
24/06/2022,"CDK Global, Inc.",1536.85,3699372235-55
26/05/2022,"BioTelemetry, Inc.",204.46,3983967745-23
11/05/2022,"Mammoth Energy Services, Inc.",1936.34,3060240400-11
07/05/2022,Luxfer Holdings PLC,1354.53,2100656235-55
05/05/2022,Concord Medical Services Holdings Limited,695.52,1956188165-31
02/06/2022,Cooper-Standard Holdings Inc.,1220.54,2796007195-41
25/05/2022,Canadian Imperial Bank of Commerce,1312.09,6967200485-31
25/06/2022,"Red Hat, Inc.",1839.29,8631286170-35
05/06/2022,First Trust BICK Index Fund,37.54,5176011400-11
21/05/2022,Vascular Biogenics Ltd.,1578.06,4607455755-25
15/05/2022,Newtek Business Services Corp.,547.33,4596076160-27
04/06/2022,ZTO Express (Cayman) Inc.,513.36,2438437475-29
06/06/2022,"American Assets Trust, Inc.",148.77,1013878215-48
17/05/2022,Lifevantage Corporation,1449.02,1017257705-12
07/05/2022,GMS Inc.,1506.03,1614754765-29
14/05/2022,Newmont Mining Corporation,1951.93,5190534235-55
26/06/2022,Liberty Global plc,1744.14,1998479775-32
04/06/2022,Eli Lilly and Company,669.1,1796214165-28
21/06/2022,"The Navigators Group, Inc.",1608.45,3341941190-40
01/05/2022,Peregrine Pharmaceuticals Inc.,610.68,3602875235-56
03/05/2022,EPR Properties,1702.94,1622007200-44
03/05/2022,V.F. Corporation,1626.03,3081988500-34
01/06/2022,Oi S.A.,1967.42,1771061790-49
06/05/2022,"Meridian Waste Solutions, Inc",1554.58,1646727165-33
23/06/2022,Aegion Corp,1818.08,7531322790-46
15/06/2022,Nuveen New Jersey Quality Municipal Income Fund,612.89,8617490740-21
12/06/2022,Wyndham Worldwide Corp,455.68,5378689765-29
23/06/2022,"Colony NorthStar, Inc.",495.72,2298145270-67
07/06/2022,ProQR Therapeutics N.V.,1034.28,6416388240-57
08/05/2022,Navient Corporation,525.69,1757791160-27
21/06/2022,"Tetraphase Pharmaceuticals, Inc.",228.48,2805698840-70
12/06/2022,Silver Standard Resources Inc.,1778.39,1990913860-74
27/05/2022,VelocityShares 3x Inverse Silver ETN,1052.76,4616828210-46
20/05/2022,Kayne Anderson MLP Investment Company,110.25,2900438500-34
08/06/2022,RXi Pharmaceuticals Corporation,1380.91,3091306415-14
23/06/2022,Teekay LNG Partners L.P.,1638.91,4851534510-37
19/06/2022,"Fiesta Restaurant Group, Inc.",1087.12,1958659500-34
14/06/2022,"SmartFinancial, Inc.",331.98,3051735160-25
28/06/2022,Glu Mobile Inc.,663.98,4333029550-47
08/06/2022,Regulus Therapeutics Inc.,1482.6,1199977765-27
24/06/2022,"ADDvantage Technologies Group, Inc.",519.19,7741986775-33
12/05/2022,Boulevard Acquisition Corp. II,224.11,1236070190-40
15/06/2022,Cellectis S.A.,1574.38,3727601235-56
08/06/2022,"Wolverine Bancorp, Inc.",1281.75,3396044825-62
23/06/2022,"Entegris, Inc.",332.76,4813804775-36
29/05/2022,"Korea Equity Fund, Inc.",174.88,2759208195-41
13/05/2022,RMG Networks Holding Corporation,84.04,3048269500-34
10/05/2022,PIMCO Income Strategy Fund II,1676.13,3327429235-56
01/06/2022,Invesco Credit Opportunities Fund,1137.64,1273833825-62
26/06/2022,Brightcove Inc.,131.46,3051023255-62
28/05/2022,Unifirst Corporation,334.42,1626692190-39
09/06/2022,"BroadSoft, Inc.",984.53,2091805775-36
20/06/2022,Louisiana-Pacific Corporation,915.13,6419669450-22
25/05/2022,"Neurocrine Biosciences, Inc.",974.16,2299667820-61
14/05/2022,Fox Factory Holding Corp.,869.36,3346170790-46
29/05/2022,"Manhattan Bridge Capital, Inc",665.66,5401102840-70
26/05/2022,Scorpio Bulkers Inc.,686.91,6678611810-59
21/06/2022,Vanguard Short-Term Government ETF,687.06,3393703165-31
02/06/2022,"Skechers U.S.A., Inc.",366.13,5175322165-31
08/06/2022,"Targa Resources, Inc.",528.11,4851363500-34
23/06/2022,"Freshpet, Inc.",1491.52,2288020160-27
16/05/2022,"ARMOUR Residential REIT, Inc.",1680.31,4888640190-39
11/05/2022,National Instruments Corporation,1823.23,3054076165-28
18/05/2022,MPLX LP,326.66,3095564100-11
08/05/2022,Silicon Motion Technology Corporation,929.65,8610833160-26
28/05/2022,Universal Health Realty Income Trust,1185.88,1494778500-35
17/06/2022,Semgroup Corporation,573.62,1209154500-34
23/06/2022,"Stericycle, Inc.",1933.33,3711950255-62
21/06/2022,"ALJ Regional Holdings, Inc.",1598.85,2781650240-57
09/06/2022,Aercap Holdings N.V.,332.05,3372659165-29
26/05/2022,Hersha Hospitality Trust,1271.38,3991704200-44
11/05/2022,"L3 Technologies, Inc.",706.63,3564403195-42
10/06/2022,CNA Financial Corporation,147.71,3357358775-36
27/06/2022,Oasis Petroleum Inc.,1349.34,3980630210-47
14/06/2022,"Electro Scientific Industries, Inc.",105.1,1804134790-55
11/05/2022,"Biomerica, Inc.",744.58,8539311185-38
07/05/2022,"China Biologic Products, Inc.",127.77,2604478460-25
07/05/2022,Kenon Holdings Ltd.,615.87,3058594165-31
16/05/2022,"Leggett & Platt, Incorporated",1514.73,1770034500-34
08/06/2022,"WPX Energy, Inc.",1483.74,2438191790-46
23/05/2022,"JAKKS Pacific, Inc.",14.8,2003723160-27
22/05/2022,Domino's Pizza Inc,1525.95,8510295170-35
01/05/2022,"TG Therapeutics, Inc.",1231.23,6106717235-55
03/06/2022,"Gabelli Equity Trust, Inc. (The)",1666.9,1634422235-56
03/06/2022,"Allscripts Healthcare Solutions, Inc.",1876.75,1773429190-40
06/06/2022,"The Habit Restaurants, Inc.",1260.51,3577799195-41
29/05/2022,"Banc of California, Inc.",1767.9,3072163825-63
25/06/2022,Arlington Asset Investment Corp,131.97,3345594710-13
22/06/2022,Nuveen Maryland Quality Municipal Income Fund,546.13,1278944240-58
07/05/2022,Pengrowth Energy Corporation,433.57,4838049195-41
02/06/2022,"Post Holdings, Inc.",1663.43,3844017530-42
05/05/2022,Psychemedics Corporation,809.83,2004896105-12
08/06/2022,"U.S. Physical Therapy, Inc.",1634.28,6965629835-68
25/06/2022,DHX Media Ltd.,101.9,3051347235-56
14/05/2022,Forum Merger Corporation,1591.61,6691103865-75
27/05/2022,"Epizyme, Inc.",999.51,7979432705-11
29/06/2022,"Amkor Technology, Inc.",492.88,3082894210-46
24/05/2022,Grupo Aval Acciones y Valores S.A.,1753.93,2898421235-56
26/05/2022,Blackrock Global,1617.68,1616196790-46
17/06/2022,"Valhi, Inc.",1259.88,3079478200-43
04/05/2022,Huntington Bancshares Incorporated,1999.22,3699372235-55
19/05/2022,Allegiant Travel Company,583.07,3983967745-23
15/06/2022,James Hardie Industries plc.,1758.17,3060240400-11
03/06/2022,"Myriad Genetics, Inc.",228.65,2100656235-55
18/06/2022,Sempra Energy,1753.03,1956188165-31
31/05/2022,Colfax Corporation,693.82,2796007195-41
13/06/2022,"ZAIS Group Holdings, Inc.",994.1,6967200485-31
10/06/2022,"Cohen & Steers Global Income Builder, Inc.",29.57,8631286170-35
09/06/2022,Westpac Banking Corporation,735.34,5176011400-11
19/05/2022,Citigroup Inc.,1408.31,4607455755-25
08/06/2022,"American Electric Technologies, Inc.",765.29,4596076160-27
14/05/2022,AK Steel Holding Corporation,332.6,2438437475-29
22/06/2022,PLx Pharma Inc.,1061.19,1013878215-48
20/05/2022,First Trust Strategic Income ETF,392.27,1017257705-12
06/06/2022,TopBuild Corp.,903.56,1614754765-29
13/05/2022,"Impax Laboratories, Inc.",1993.99,5190534235-55
08/05/2022,The Spectranetics Corporation,883.85,1998479775-32
07/06/2022,"The ONE Group Hospitality, Inc.",1725.0,1796214165-28
08/06/2022,Sears Holdings Corporation,703.08,3341941190-40
06/06/2022,"Bridge Bancorp, Inc.",809.84,3602875235-56
25/06/2022,"FS Bancorp, Inc.",1298.76,1622007200-44
19/05/2022,Embotelladora Andina S.A.,1939.0,3081988500-34
05/06/2022,Lear Corporation,464.93,1771061790-49
08/05/2022,General Dynamics Corporation,1071.85,1646727165-33
23/06/2022,Sierra Bancorp,390.94,7531322790-46
11/06/2022,Essendant Inc.,904.9,8617490740-21
17/06/2022,FIRST REPUBLIC BANK,125.14,5378689765-29
15/05/2022,"Sun Communities, Inc.",1659.16,2298145270-67
13/06/2022,"Interactive Brokers Group, Inc.",855.72,6416388240-57
17/06/2022,Blackstone GSO Long Short Credit Income Fund,1116.55,1757791160-27
03/06/2022,M&T Bank Corporation,1507.76,2805698840-70
26/05/2022,"PC Connection, Inc.",23.86,1990913860-74
02/05/2022,Bel Fuse Inc.,863.61,4616828210-46
24/05/2022,"Avinger, Inc.",1901.35,2900438500-34
03/05/2022,Vanguard Intermediate-Term Corporate Bond ETF,1008.56,3091306415-14
22/05/2022,"Perficient, Inc.",1685.32,4851534510-37
18/06/2022,"Tarena International, Inc.",942.21,1958659500-34
13/06/2022,"Colony Bankcorp, Inc.",1934.77,3051735160-25
05/06/2022,"The Ensign Group, Inc.",1024.77,4333029550-47
24/06/2022,First Trust BICK Index Fund,1422.8,1199977765-27
04/06/2022,CoreSite Realty Corporation,1258.7,7741986775-33
18/05/2022,"Banc of California, Inc.",565.32,1236070190-40
16/06/2022,"Rambus, Inc.",1879.38,3727601235-56
15/05/2022,"Mid-America Apartment Communities, Inc.",1383.07,3396044825-62
03/05/2022,"Energy Transfer Equity, L.P.",843.11,4813804775-36
21/06/2022,"Controladora Vuela Compania de Aviacion, S.A.B. de C.V.",922.48,2759208195-41
11/05/2022,Farmer Brothers Company,1858.11,3048269500-34
08/06/2022,Canadian Natural Resources Limited,1780.85,3327429235-56
17/06/2022,"Benchmark Electronics, Inc.",1538.08,1273833825-62
15/05/2022,"Inventure Foods, Inc.",1318.95,3051023255-62
11/05/2022,"Enova International, Inc.",798.97,1626692190-39
27/06/2022,"Rockwell Collins, Inc.",174.06,2091805775-36
21/06/2022,R1 RCM Inc.,1063.92,6419669450-22
04/06/2022,"Equifax, Inc.",429.99,2299667820-61
01/06/2022,Northwest Natural Gas Company,1048.62,3346170790-46
01/05/2022,"American Electric Technologies, Inc.",93.18,5401102840-70
30/05/2022,"Centennial Resource Development, Inc.",1388.83,6678611810-59
19/06/2022,InterXion Holding N.V.,1122.25,3393703165-31
28/06/2022,Hewlett Packard Enterprise Company,280.3,5175322165-31
23/05/2022,Horizon Bancorp (IN),1938.33,4851363500-34
05/06/2022,"Banco Latinoamericano de Comercio Exterior, S.A.",1350.79,2288020160-27
20/05/2022,Royal Dutch Shell PLC,1652.75,4888640190-39
02/05/2022,Blackrock Global,691.42,3054076165-28
04/05/2022,Forum Merger Corporation,968.41,3095564100-11
13/05/2022,Royal Bank Scotland plc (The),1022.18,8610833160-26
10/05/2022,"Golub Capital BDC, Inc.",1443.0,1494778500-35
20/06/2022,BlackRock Science and Technology Trust,1212.97,1209154500-34
20/06/2022,"Black Diamond, Inc.",169.42,3711950255-62
22/05/2022,Interstate Power and Light Company,1643.71,2781650240-57
25/05/2022,"Supernus Pharmaceuticals, Inc.",1937.61,3372659165-29
17/05/2022,OvaScience Inc.,497.55,3991704200-44
14/06/2022,First Trust Multi Cap Value AlphaDEX Fund,118.61,3564403195-42
09/06/2022,The Kraft Heinz Company,329.22,3357358775-36
08/06/2022,"Stericycle, Inc.",1325.43,3980630210-47
13/05/2022,Dell Technologies Inc.,1143.12,1804134790-55
07/05/2022,"RealNetworks, Inc.",367.99,8539311185-38
03/05/2022,Easterly Acquisition Corp.,850.66,2604478460-25
21/06/2022,Mastercard Incorporated,1101.69,3058594165-31
23/05/2022,"Evoke Pharma, Inc.",1249.73,1770034500-34
02/06/2022,Capitol Acquisition Corp. III,1721.25,2438191790-46
26/06/2022,Reading International Inc,346.52,2003723160-27
22/06/2022,Senior Housing Properties Trust,315.05,8510295170-35
25/06/2022,Iamgold Corporation,1614.02,6106717235-55
10/06/2022,"Fiesta Restaurant Group, Inc.",1125.8,1634422235-56
28/06/2022,"SMART Global Holdings, Inc.",323.81,1773429190-40
31/05/2022,"Centennial Resource Development, Inc.",230.35,3577799195-41
07/05/2022,"NCI, Inc.",354.47,3072163825-63
07/05/2022,FinTech Acquisition Corp. II,931.37,3345594710-13
16/05/2022,Drive Shack Inc.,1732.55,1278944240-58
23/06/2022,"Mueller Industries, Inc.",1422.71,4838049195-41
25/05/2022,"Genesis Energy, L.P.",175.17,3844017530-42
05/05/2022,"Blueknight Energy Partners L.P., L.L.C.",554.28,2004896105-12
13/06/2022,Koninklijke Philips N.V.,177.38,6965629835-68
18/05/2022,Qwest Corporation,1310.38,3051347235-56
12/05/2022,"Tandy Leather Factory, Inc.",71.13,6691103865-75
22/05/2022,"USA Technologies, Inc.",1699.93,7979432705-11
27/05/2022,Dow Chemical Company (The),1853.39,3082894210-46
04/05/2022,Bright Scholar Education Holdings Limited,917.65,2898421235-56
15/06/2022,"Equinix, Inc.",208.02,1616196790-46
01/05/2022,"Banc of California, Inc.",282.07,3079478200-43
12/05/2022,"James River Group Holdings, Ltd.",1638.85,3699372235-55
25/05/2022,FactSet Research Systems Inc.,1265.45,3983967745-23
26/06/2022,Weingarten Realty Investors,757.75,3060240400-11
02/06/2022,RGC Resources Inc.,1587.45,2100656235-55
03/05/2022,Wells Fargo & Company,1151.7,1956188165-31
17/05/2022,Quotient Limited,1872.61,2796007195-41
28/06/2022,Nokia Corporation,1876.84,6967200485-31
23/06/2022,Forward Air Corporation,71.85,8631286170-35
05/06/2022,First Trust RiverFront Dynamic Emerging Markets ETF,220.54,5176011400-11
10/05/2022,Williams Partners LP,1024.22,4607455755-25
05/05/2022,Envision Healthcare Corporation,1311.2,4596076160-27
25/05/2022,Lightbridge Corporation,493.5,2438437475-29
24/05/2022,"SunCoke Energy Partners, L.P.",572.5,1013878215-48
31/05/2022,Wells Fargo & Company,1040.83,1017257705-12
15/06/2022,First Trust New Opportunities MLP & Energy Fund,1340.2,1614754765-29
19/05/2022,"CryoLife, Inc.",165.76,5190534235-55
09/06/2022,"Telephone and Data Systems, Inc.",1875.63,1998479775-32
31/05/2022,"Stellar Biotechnologies, Inc.",338.15,1796214165-28
21/05/2022,Asia Pacific Wire & Cable Corporation Limited,894.04,3341941190-40
19/06/2022,WashingtonFirst Bankshares Inc,1260.35,3602875235-56
24/05/2022,Bank of Commerce Holdings (CA),299.2,1622007200-44
04/06/2022,PowerShares DWA Utilities Momentum Portfolio,387.85,3081988500-34
22/06/2022,JetBlue Airways Corporation,50.78,1771061790-49
07/06/2022,ZAGG Inc,1385.87,1646727165-33
12/05/2022,Goldman Sachs MLP Energy Renaissance Fund,960.68,7531322790-46
24/05/2022,"Calix, Inc",1793.94,8617490740-21
17/06/2022,"Threshold Pharmaceuticals, Inc.",1507.69,5378689765-29
26/06/2022,Vanguard International Dividend Appreciation ETF,1730.76,2298145270-67
14/05/2022,"Alico, Inc.",1467.08,6416388240-57
27/05/2022,"Ambac Financial Group, Inc.",1709.29,1757791160-27
14/06/2022,Minerals Technologies Inc.,1886.59,2805698840-70
04/05/2022,Stellus Capital Investment Corporation,1782.26,1990913860-74
14/05/2022,"C.R. Bard, Inc.",901.88,4616828210-46
20/06/2022,UNIVERSAL INSURANCE HOLDINGS INC,132.67,2900438500-34
09/06/2022,"Mohawk Industries, Inc.",488.88,3091306415-14
08/05/2022,"Energy Focus, Inc.",1313.43,4851534510-37
23/06/2022,Tenneco Inc.,285.72,1958659500-34
12/06/2022,UGI Corporation,1392.22,3051735160-25
11/06/2022,"Blackhawk Network Holdings, Inc.",196.21,4333029550-47
18/06/2022,Eclipse Resources Corporation,1678.62,1199977765-27
25/06/2022,Nuveen Build America Bond Opportunity Fund,984.65,7741986775-33
17/05/2022,"JPMorgan China Region Fund, Inc.",1301.13,1236070190-40
05/05/2022,Ares Capital Corporation,1121.5,3727601235-56
28/06/2022,Greif Bros. Corporation,1261.54,3396044825-62
28/05/2022,Virtus Global Dividend & Income Fund Inc.,883.47,4813804775-36
07/06/2022,"Ruth's Hospitality Group, Inc.",118.78,2759208195-41
14/05/2022,Park Electrochemical Corporation,656.31,3048269500-34
21/06/2022,China Eastern Airlines Corporation Ltd.,1102.68,3327429235-56
08/05/2022,Verona Pharma plc,1281.22,1273833825-62
27/06/2022,"The Ensign Group, Inc.",1267.77,3051023255-62
17/05/2022,Webster Financial Corporation,1090.19,1626692190-39
06/06/2022,Halcon Resources Corporation,723.0,2091805775-36
05/06/2022,"Argo Group International Holdings, Ltd.",1370.97,6419669450-22
03/06/2022,"HealthEquity, Inc.",1593.61,2299667820-61
01/06/2022,XL Group Ltd.,1448.39,3346170790-46
18/05/2022,Sierra Bancorp,1128.43,5401102840-70
02/06/2022,"Span-America Medical Systems, Inc.",1833.91,6678611810-59
17/05/2022,Wells Fargo & Company,153.9,3393703165-31
25/06/2022,Nuveen Diversified Dividend and Income Fund,1350.9,5175322165-31
03/06/2022,Diana Shipping inc.,452.62,4851363500-34
02/05/2022,"New York Community Bancorp, Inc.",1014.55,2288020160-27
03/05/2022,"Akoustis Technologies, Inc.",1270.8,4888640190-39
25/06/2022,"Ottawa Bancorp, Inc.",844.9,3054076165-28
14/06/2022,Torchmark Corporation,454.92,3095564100-11
20/05/2022,MiX Telematics Limited,1027.05,8610833160-26
09/05/2022,KeyCorp,20.54,1494778500-35
18/05/2022,DTE Energy Company,1950.95,1209154500-34
26/05/2022,Amphenol Corporation,814.28,3711950255-62
05/05/2022,"Goldman Sachs Group, Inc. (The)",1324.75,2781650240-57
01/05/2022,"GTY Technology Holdings, Inc.",763.66,3372659165-29
08/06/2022,"MaxLinear, Inc",885.62,3991704200-44
24/06/2022,KraneShares CSI China Internet ETF,802.79,3564403195-42
16/05/2022,DENTSPLY SIRONA Inc.,825.42,3357358775-36
05/05/2022,"GTY Technology Holdings, Inc.",316.87,3980630210-47
07/06/2022,Green Plains Partners LP,287.32,1804134790-55
06/05/2022,BioShares Biotechnology Products Fund,826.95,8539311185-38
03/06/2022,"MarineMax, Inc.",494.86,2604478460-25
15/05/2022,Stone Energy Corporation,39.31,3058594165-31
25/05/2022,"Champions Oncology, Inc.",864.02,1770034500-34
23/05/2022,Kimberly-Clark Corporation,1420.39,2438191790-46
10/05/2022,"Blackrock MuniYield New York Quality Fund, Inc.",916.02,2003723160-27
28/06/2022,Healthcare Realty Trust Incorporated,427.45,8510295170-35
21/06/2022,"Flowers Foods, Inc.",1071.46,6106717235-55
10/06/2022,Blackstone GSO Senior Floating Rate Term Fund,325.62,1634422235-56
31/05/2022,"ARMOUR Residential REIT, Inc.",1386.65,1773429190-40
13/06/2022,General Electric Capital Corporation,1545.82,3577799195-41
09/06/2022,Corporate Office Properties Trust,1134.54,3072163825-63
14/05/2022,Global X SuperDividend Alternatives ETF,1113.43,3345594710-13
14/06/2022,CBX (Listing Market NYSE Networks AE,1197.51,1278944240-58
15/06/2022,Taitron Components Incorporated,1917.38,4838049195-41
20/05/2022,Gladstone Investment Corporation,1037.71,3844017530-42
08/06/2022,Trans World Entertainment Corp.,108.49,2004896105-12
28/06/2022,"Great Southern Bancorp, Inc.",505.13,6965629835-68
15/06/2022,China Southern Airlines Company Limited,366.99,3051347235-56
03/06/2022,D/B/A Chubb Limited New,16.05,6691103865-75
17/06/2022,"Perma-Pipe International Holdings, Inc.",246.41,7979432705-11
05/06/2022,"Park City Group, Inc.",1026.96,3082894210-46
17/05/2022,Citigroup Inc.,1121.72,2898421235-56
19/05/2022,"CoStar Group, Inc.",1745.54,1616196790-46
18/05/2022,"Argos Therapeutics, Inc.",1078.23,3079478200-43
20/05/2022,"JELD-WEN Holding, Inc.",1189.07,3699372235-55
25/06/2022,Pacific Continental Corporation (Ore),1905.23,3983967745-23
21/06/2022,"Franklin Financial Network, Inc.",241.35,3060240400-11
15/06/2022,"Rudolph Technologies, Inc.",72.02,2100656235-55
19/05/2022,"Auburn National Bancorporation, Inc.",1970.67,1956188165-31
28/06/2022,FlexShares Real Assets Allocation Index Fund,1993.16,2796007195-41
03/05/2022,Boston Scientific Corporation,1803.08,6967200485-31
29/06/2022,Sun Life Financial Inc.,1222.32,8631286170-35
10/05/2022,"Staples, Inc.",1923.93,5176011400-11
12/06/2022,CNX Coal Resources LP,728.34,4607455755-25
30/05/2022,"Vectrus, Inc.",1337.71,4596076160-27
13/06/2022,Federated Premier Intermediate Municipal Income Fund,399.02,2438437475-29
15/05/2022,Tocagen Inc.,170.85,1013878215-48
22/06/2022,Noble Midstream Partners LP,1287.91,1017257705-12
23/06/2022,"A. Schulman, Inc.",196.36,1614754765-29
31/05/2022,Atlantica Yield plc,1734.8,5190534235-55
05/06/2022,"Black Diamond, Inc.",587.04,1998479775-32
28/06/2022,Aradigm Corporation,1055.33,1796214165-28
28/06/2022,Marathon Petroleum Corporation,1945.7,3341941190-40
25/05/2022,International Speedway Corporation,1160.35,3602875235-56
21/05/2022,Assured Guaranty Ltd.,1490.93,1622007200-44
25/05/2022,Amplify Online Retail ETF,490.39,3081988500-34
16/05/2022,Blackrock Muni Intermediate Duration Fund Inc,371.5,1771061790-49
24/06/2022,"Chembio Diagnostics, Inc.",222.12,1646727165-33
28/05/2022,Phibro Animal Health Corporation,1094.42,7531322790-46
28/06/2022,Snap-On Incorporated,1314.32,8617490740-21
27/06/2022,Dynavax Technologies Corporation,841.32,5378689765-29
26/06/2022,"Oncobiologics, Inc.",90.91,2298145270-67
15/06/2022,SAP SE,1023.62,6416388240-57
21/06/2022,"Jamba, Inc.",1641.26,1757791160-27
07/05/2022,Cencosud S.A.,1236.72,2805698840-70
23/06/2022,"Saul Centers, Inc.",441.8,1990913860-74
12/06/2022,"Celsius Holdings, Inc.",1261.79,4616828210-46
29/06/2022,Wins Finance Holdings Inc.,347.55,2900438500-34
22/06/2022,"Greenbrier Companies, Inc. (The)",1098.29,3091306415-14
17/05/2022,Atmos Energy Corporation,685.5,4851534510-37
28/06/2022,LMP Capital and Income Fund Inc.,380.31,1958659500-34
27/06/2022,"Colony NorthStar, Inc.",721.07,3051735160-25
28/06/2022,"Affiliated Managers Group, Inc.",1232.81,4333029550-47
21/06/2022,"NetEase, Inc.",1167.52,1199977765-27
05/06/2022,BioAmber Inc.,343.74,7741986775-33
24/05/2022,Cohen & Steers Quality Income Realty Fund Inc,1647.01,1236070190-40
10/05/2022,Liberty Property Trust,111.53,3727601235-56
12/06/2022,"LSC Communications, Inc.",672.31,3396044825-62
27/05/2022,"Unity Bancorp, Inc.",1808.15,4813804775-36
13/06/2022,BanColombia S.A.,1524.74,2759208195-41
11/05/2022,AT&T Inc.,610.24,3048269500-34
01/06/2022,"Neuralstem, Inc.",470.5,3327429235-56
01/06/2022,Otelco Inc.,1167.9,1273833825-62
05/05/2022,"Liberty All-Star Growth Fund, Inc.",1822.74,3051023255-62
24/06/2022,Sabre Corporation,1944.93,1626692190-39
25/06/2022,Approach Resources Inc.,75.44,2091805775-36
13/05/2022,MGM Growth Properties LLC,905.2,6419669450-22
21/05/2022,CVR Energy Inc.,1912.64,2299667820-61
10/06/2022,"Estee Lauder Companies, Inc. (The)",1666.64,3346170790-46
07/06/2022,"Athersys, Inc.",705.79,5401102840-70
01/05/2022,Eaton Vance Senior Floating-Rate Fund,1215.16,6678611810-59
10/05/2022,"Reinsurance Group of America, Incorporated",802.85,3393703165-31
09/06/2022,Federal Agricultural Mortgage Corporation,300.05,5175322165-31
11/05/2022,SP Plus Corporation,585.17,4851363500-34
23/05/2022,Avista Healthcare Public Acquisition Corp.,975.29,2288020160-27
27/06/2022,Teledyne Technologies Incorporated,63.41,4888640190-39
22/05/2022,Wells Fargo & Company,802.76,3054076165-28
21/06/2022,Timken Company (The),1610.6,3095564100-11
02/06/2022,"Fenix Parts, Inc.",636.5,8610833160-26
05/06/2022,BioAmber Inc.,229.99,1494778500-35
07/05/2022,National Commerce Corporation,1691.47,1209154500-34
20/06/2022,"PFSweb, Inc.",1858.13,3711950255-62
05/06/2022,"SunCoke Energy, Inc.",1273.85,2781650240-57
28/06/2022,"Tallgrass Energy Partners, LP",174.36,3372659165-29
26/06/2022,New York Times Company (The),1555.68,3991704200-44
09/06/2022,"Resources Connection, Inc.",754.56,3564403195-42
16/05/2022,"CenterState Banks, Inc.",914.48,3357358775-36
11/05/2022,"Virtu Financial, Inc.",1219.92,3980630210-47
23/05/2022,"Hawthorn Bancshares, Inc.",502.03,1804134790-55
05/06/2022,"RLJ Entertainment, Inc.",525.1,8539311185-38
31/05/2022,"McCormick & Company, Incorporated",445.19,2604478460-25
06/05/2022,WisdomTree Negative Duration High Yield Bond Fund,1435.97,3058594165-31
10/05/2022,Wells Fargo & Company,352.44,1770034500-34
11/05/2022,Acushnet Holdings Corp.,1442.57,2438191790-46
26/06/2022,"Leidos Holdings, Inc.",1833.34,2003723160-27
08/05/2022,AdvanSix Inc.,732.75,8510295170-35
20/05/2022,"51job, Inc.",754.56,6106717235-55
12/05/2022,Andina Acquisition Corp. II,767.66,1634422235-56
01/06/2022,Investors Title Company,325.02,1773429190-40
15/05/2022,MSB Financial Corp.,1824.64,3577799195-41
04/05/2022,Rogers Corporation,202.55,3072163825-63
14/05/2022,Fly Leasing Limited,1749.1,3345594710-13
18/05/2022,"Tortoise Energy Independence Fund, Inc.",1414.88,1278944240-58
19/06/2022,"Banco Santander, S.A.",15.26,4838049195-41
13/05/2022,"Athenex, Inc.",45.03,3844017530-42
24/06/2022,"Spark Energy, Inc.",1824.19,2004896105-12
24/06/2022,Easterly Acquisition Corp.,1630.17,6965629835-68
05/05/2022,iStar Financial Inc.,1553.82,3051347235-56
20/06/2022,Sanofi,1047.29,6691103865-75
01/06/2022,"Civista Bancshares, Inc. ",1491.15,7979432705-11
26/06/2022,"Sykes Enterprises, Incorporated",1501.11,3082894210-46
23/06/2022,Arconic Inc.,1471.71,2898421235-56
14/05/2022,Atossa Genetics Inc.,1695.84,1616196790-46
26/06/2022,iShares MSCI Europe Financials Sector Index Fund,960.27,3079478200-43
10/06/2022,Jabil Inc.,1919.58,3699372235-55
03/05/2022,"Gaming and Leisure Properties, Inc.",901.27,3983967745-23
19/05/2022,Principal Millennials Index ETF,758.71,3060240400-11
08/05/2022,"Connecticut Water Service, Inc.",839.6,2100656235-55
05/06/2022,"Plains Group Holdings, L.P.",52.6,1956188165-31
07/05/2022,iShares MSCI Europe Financials Sector Index Fund,1903.03,2796007195-41
14/05/2022,"Resources Connection, Inc.",1591.45,6967200485-31
28/05/2022,"PetMed Express, Inc.",1720.48,8631286170-35
08/05/2022,Vantage Energy Acquisition Corp.,909.96,5176011400-11
19/05/2022,Cherry Hill Mortgage Investment Corporation,386.95,4607455755-25
15/06/2022,"TIER REIT, Inc.",741.62,4596076160-27
07/06/2022,"SilverSun Technologies, Inc.",1113.47,2438437475-29
22/06/2022,Globant S.A.,1726.35,1013878215-48
19/05/2022,"Alaska Air Group, Inc.",616.5,1017257705-12
10/06/2022,First Trust Multi Cap Value AlphaDEX Fund,1889.54,1614754765-29
20/06/2022,iPath US Treasury 10-year Bull ETN,993.44,5190534235-55
12/06/2022,Southern Copper Corporation,796.06,1998479775-32
14/05/2022,"Ambac Financial Group, Inc.",655.58,1796214165-28
22/05/2022,"Inventure Foods, Inc.",280.14,3341941190-40
07/05/2022,Sibanye Gold Limited,921.89,3602875235-56
10/06/2022,Origo Acquisition Corporation,1104.92,1622007200-44
02/06/2022,Intra-Cellular Therapies Inc.,1489.89,3081988500-34
26/06/2022,CABCO Series 2004-101 Trust,1071.73,1771061790-49
22/06/2022,Lyon William Homes,836.25,1646727165-33
02/06/2022,"Stellar Biotechnologies, Inc.",380.31,7531322790-46
10/05/2022,Wendy's Company (The),1256.01,8617490740-21
21/05/2022,Nuveen Build America Bond Fund,694.89,5378689765-29
29/06/2022,First Trust Enhanced Short Maturity ETF,513.1,2298145270-67
07/05/2022,Alliance California Municipal Income Fund Inc,50.12,6416388240-57
07/06/2022,"Watts Water Technologies, Inc.",692.8,1757791160-27
02/06/2022,"THL Credit, Inc.",21.93,2805698840-70
16/06/2022,Ability Inc.,353.7,1990913860-74
16/06/2022,"Tortoise Power and Energy Infrastructure Fund, Inc",912.13,4616828210-46
28/06/2022,Aehr Test Systems,1290.79,2900438500-34
12/06/2022,"Highwoods Properties, Inc.",559.22,3091306415-14
10/06/2022,Brookfield Canada Office Properties,406.93,4851534510-37
20/06/2022,"Ormat Technologies, Inc.",362.74,1958659500-34
26/06/2022,Extra Space Storage Inc,743.07,3051735160-25
18/05/2022,"Lexicon Pharmaceuticals, Inc.",1535.89,4333029550-47
19/06/2022,"Quantenna Communications, Inc.",1693.28,1199977765-27
18/06/2022,DarioHealth Corp.,999.52,7741986775-33
19/06/2022,"B. Riley Financial, Inc.",1785.49,1236070190-40
05/06/2022,"Aethlon Medical, Inc.",1108.83,3727601235-56
03/06/2022,Alleghany Corporation,940.99,3396044825-62
28/06/2022,PowerShares S&P SmallCap Consumer Discretionary Portfolio,1067.13,4813804775-36
05/05/2022,"Citizens, Inc.",1978.01,2759208195-41
30/05/2022,Nuveen High Income 2020 Target Term Fund,1695.98,3048269500-34
01/05/2022,Blackstone GSO Senior Floating Rate Term Fund,1861.5,3327429235-56
24/06/2022,United States Cellular Corporation,925.77,1273833825-62
01/05/2022,EXCO Resources NL,1671.43,3051023255-62
18/05/2022,National General Holdings Corp,109.64,1626692190-39
29/06/2022,"The Dixie Group, Inc.",1492.65,2091805775-36
26/06/2022,Vanguard Long-Term Corporate Bond ETF,1836.18,6419669450-22
21/06/2022,Equity Commonwealth,1692.38,2299667820-61
19/05/2022,"Fuel Tech, Inc.",1315.0,3346170790-46
28/06/2022,Illinois Tool Works Inc.,137.78,5401102840-70
13/06/2022,"Littelfuse, Inc.",936.01,6678611810-59
13/05/2022,"AAC Holdings, Inc.",1848.17,3393703165-31
17/05/2022,iShares FTSE EPRA/NAREIT Europe Index Fund,1217.16,5175322165-31
03/06/2022,VictoryShares Developed Enhanced Volatility Wtd ETF,1149.47,4851363500-34
27/06/2022,STRATS Trust,1869.35,2288020160-27
05/06/2022,"Capricor Therapeutics, Inc.",777.11,4888640190-39
05/06/2022,Euroseas Ltd.,1407.91,3054076165-28
18/06/2022,"Fiesta Restaurant Group, Inc.",151.87,3095564100-11
05/06/2022,"BeyondSpring, Inc.",1842.73,8610833160-26
11/05/2022,Varex Imaging Corporation,539.06,1494778500-35
16/06/2022,iPath US Treasury 5-year Bear ETN,39.04,1209154500-34
19/06/2022,"Valhi, Inc.",605.15,3711950255-62
23/05/2022,Playa Hotels & Resorts N.V.,1597.42,2781650240-57
27/06/2022,Broadway Financial Corporation,1915.28,3372659165-29
24/06/2022,Synovus Financial Corp.,721.66,3991704200-44
09/05/2022,Diversified Real Asset Income Fund,1550.54,3564403195-42
09/05/2022,International Paper Company,1164.22,3357358775-36
15/05/2022,Invesco Trust for Investment Grade Municipals,1586.77,3980630210-47
18/06/2022,"Maui Land & Pineapple Company, Inc.",1846.98,1804134790-55
23/06/2022,Envision Healthcare Corporation,934.03,8539311185-38
07/05/2022,Nuveen Senior Income Fund,1908.32,2604478460-25
21/05/2022,"The Ensign Group, Inc.",61.92,3058594165-31
13/06/2022,iShares PHLX SOX Semiconductor Sector Index Fund,230.46,1770034500-34
01/05/2022,"Aspen Technology, Inc.",1332.87,2438191790-46
27/05/2022,Principal Shareholder Yield Index ETF,1395.28,2003723160-27
12/05/2022,ClearBridge All Cap Growth ETF,1220.64,8510295170-35
09/05/2022,Georgia Power Company,1886.46,6106717235-55
27/05/2022,Territorial Bancorp Inc.,1645.12,1634422235-56
27/05/2022,BHP Billiton Limited,1723.09,1773429190-40
06/05/2022,Cabot Oil & Gas Corporation,965.01,3577799195-41
29/05/2022,Invesco High Income Trust II,1335.5,3072163825-63
24/06/2022,Dynegy Inc.,1406.48,3345594710-13
12/05/2022,ObsEva SA,386.27,1278944240-58
26/06/2022,PowerShares DWA NASDAQ Momentum Portfolio,783.79,4838049195-41
25/06/2022,"Aqua America, Inc.",1293.82,3844017530-42
22/05/2022,"Blue Hills Bancorp, Inc.",296.15,2004896105-12
05/05/2022,"Sears Hometown and Outlet Stores, Inc.",759.29,6965629835-68
22/06/2022,"National CineMedia, Inc.",1086.45,3051347235-56
27/06/2022,NovoCure Limited,1816.81,6691103865-75
09/05/2022,TAL Education Group,427.96,7979432705-11
06/05/2022,CHS Inc,761.11,3082894210-46
08/06/2022,AquaVenture Holdings Limited,1984.67,2898421235-56
02/06/2022,"Controladora Vuela Compania de Aviacion, S.A.B. de C.V.",119.4,1616196790-46
25/06/2022,WildHorse Resource Development Corporation,1845.15,3079478200-43
14/06/2022,Navios Maritime Midstream Partners LP,635.13,3699372235-55
01/06/2022,"Sabra Healthcare REIT, Inc.",248.99,3983967745-23
09/05/2022,Cabot Corporation,134.74,3060240400-11
08/06/2022,VelocityShares 3x Long Gold ETN,399.79,2100656235-55
27/05/2022,Associated Banc-Corp,219.02,1956188165-31
06/05/2022,Resource Capital Corp.,728.42,2796007195-41
03/06/2022,Array BioPharma Inc.,1487.13,6967200485-31
24/06/2022,Aegon NV,1550.31,8631286170-35
19/06/2022,Tonix Pharmaceuticals Holding Corp.,1140.09,5176011400-11
08/06/2022,M&T Bank Corporation,10.58,4607455755-25
27/05/2022,"Magna International, Inc.",434.68,4596076160-27
02/05/2022,PPlus Trust,774.08,2438437475-29
15/06/2022,Blackrock Enhanced Equity Dividend Trust,83.24,1013878215-48
23/05/2022,Encore Capital Group Inc,1220.15,1017257705-12
26/06/2022,Nuveen Enhanced Municipal Value Fund,1649.25,1614754765-29
04/06/2022,"Caleres, Inc.",869.26,5190534235-55
11/06/2022,Shenandoah Telecommunications Co,1912.83,1998479775-32
13/06/2022,Akers Biosciences Inc,1903.31,1796214165-28
25/06/2022,"China Commercial Credit, Inc.",476.75,3341941190-40
03/06/2022,Shaw Communications Inc.,394.64,3602875235-56
04/06/2022,"GTT Communications, Inc.",21.48,1622007200-44
15/06/2022,CIT Group Inc (DEL),1900.76,3081988500-34
12/06/2022,Terreno Realty Corporation,1495.15,1771061790-49
28/05/2022,"Nuance Communications, Inc.",1268.6,1646727165-33
14/05/2022,"Armada Hoffler Properties, Inc.",8.41,7531322790-46
28/05/2022,"Validus Holdings, Ltd.",657.38,8617490740-21
14/06/2022,Hancock Holding Company,1987.72,5378689765-29
10/06/2022,"PC-Tel, Inc.",1364.41,2298145270-67
25/06/2022,Akari Therapeutics Plc,1193.31,6416388240-57
23/05/2022,Navios Maritime Holdings Inc.,545.77,1757791160-27
08/06/2022,Travelzoo,1725.17,2805698840-70
06/05/2022,"Frequency Electronics, Inc.",366.77,1990913860-74
08/06/2022,Ashford Hospitality Trust Inc,1942.17,4616828210-46
10/05/2022,Synaptics Incorporated,178.73,2900438500-34
15/05/2022,La Quinta Holdings Inc.,1910.34,3091306415-14
22/05/2022,"Goldman Sachs Group, Inc. (The)",1233.43,4851534510-37
25/06/2022,"ShoreTel, Inc.",1230.65,1958659500-34
01/06/2022,BOK Financial Corporation,962.24,3051735160-25
04/06/2022,Bank of America Corporation,168.51,4333029550-47
19/06/2022,STAAR Surgical Company,1941.0,1199977765-27
31/05/2022,"Southwest Bancorp, Inc.",450.36,7741986775-33
12/05/2022,General Electric Capital Corporation,1715.33,1236070190-40
23/06/2022,"Harley-Davidson, Inc.",585.8,3727601235-56
11/05/2022,"Perfumania Holdings, Inc",1090.6,3396044825-62
07/05/2022,"Strayer Education, Inc.",1225.86,4813804775-36
03/05/2022,New Residential Investment Corp.,856.39,2759208195-41
30/05/2022,JM Global Holding Company,1900.88,3048269500-34
12/05/2022,DoubleLine Income Solutions Fund,166.16,3327429235-56
16/06/2022,"Voya Financial, Inc.",1417.47,1273833825-62
16/05/2022,Canadian National Railway Company,590.74,3051023255-62
29/05/2022,Annaly Capital Management Inc,1674.01,1626692190-39
11/06/2022,"Kratos Defense & Security Solutions, Inc.",1313.96,2091805775-36
25/05/2022,"The Herzfeld Caribbean Basin Fund, Inc.",1783.59,6419669450-22
18/06/2022,Pimco Income Opportunity Fund,364.77,2299667820-61
19/06/2022,"Fauquier Bankshares, Inc.",351.93,3346170790-46
06/05/2022,Liberty Interactive Corporation,1916.25,5401102840-70
05/06/2022,Nuveen AMT-Free Municipal Value Fund,1382.86,6678611810-59
24/06/2022,"Pier 1 Imports, Inc.",1267.62,3393703165-31
12/05/2022,"Silicon Laboratories, Inc.",126.03,5175322165-31
05/05/2022,Assured Guaranty Ltd.,1078.15,4851363500-34
04/05/2022,"Power Integrations, Inc.",101.72,2288020160-27
01/05/2022,"Hartford Financial Services Group, Inc. (The)",1619.03,4888640190-39
01/05/2022,Omeros Corporation,408.32,3054076165-28
06/05/2022,Coca-Cola Company (The),1934.09,3095564100-11
22/05/2022,"Royal Gold, Inc.",1008.38,8610833160-26
21/06/2022,Turkcell Iletisim Hizmetleri AS,1932.22,1494778500-35
17/05/2022,"Senomyx, Inc.",1876.01,1209154500-34
08/05/2022,Ferroglobe PLC,991.12,3711950255-62
30/05/2022,"Fusion Telecommunications International, Inc.",786.96,2781650240-57
12/06/2022,"Plains All American Pipeline, L.P.",644.04,3372659165-29
01/06/2022,"TrovaGene, Inc.",1762.51,3991704200-44
05/06/2022,"Vail Resorts, Inc.",1407.85,3564403195-42
11/05/2022,Jumei International Holding Limited,1075.04,3357358775-36
21/05/2022,Liberty Broadband Corporation,1520.83,3980630210-47
10/06/2022,Diageo plc,1847.58,1804134790-55
23/06/2022,Fluidigm Corporation,1250.48,8539311185-38
04/06/2022,Hardinge Inc.,1125.88,2604478460-25
17/05/2022,Pitney Bowes Inc.,1652.82,3058594165-31
29/05/2022,Access National Corporation,1163.88,1770034500-34
20/05/2022,RadiSys Corporation,408.8,2438191790-46
18/05/2022,"Crown Crafts, Inc.",1038.03,2003723160-27
08/05/2022,Moody's Corporation,744.29,8510295170-35
01/05/2022,"Eastern Virginia Bankshares, Inc.",692.63,6106717235-55
18/05/2022,HollyFrontier Corporation,270.17,1634422235-56
10/06/2022,Morgan Stanley,1660.23,1773429190-40
16/06/2022,"Equus Total Return, Inc.",756.75,3577799195-41
07/05/2022,National Energy Services Reunited Corp.,1908.44,3072163825-63
01/06/2022,Active Alts Contrarian ETF,1981.19,3345594710-13
19/06/2022,Cognex Corporation,571.61,1278944240-58
05/06/2022,BlackRock Municipal Target Term Trust Inc. (The),1909.82,4838049195-41
30/05/2022,Hoegh LNG Partners LP,1409.44,3844017530-42
07/05/2022,NewJersey Resources Corporation,1483.55,2004896105-12
15/06/2022,"AgroFresh Solutions, Inc.",276.58,6965629835-68
23/06/2022,"Westell Technologies, Inc.",1555.59,3051347235-56
18/05/2022,DoubleLine Opportunistic Credit Fund,797.74,6691103865-75
29/05/2022,"American Software, Inc.",1671.31,7979432705-11
25/06/2022,Gabelli Utility Trust (The),1796.32,3082894210-46
18/05/2022,Aon plc,467.28,2898421235-56
25/05/2022,The Goodyear Tire & Rubber Company,1981.79,1616196790-46
21/05/2022,BlackRock Income Investment Quality Trust,1633.15,3079478200-43
07/05/2022,"Cohen & Steers Select Preferred and Income Fund, Inc.",1679.79,3699372235-55
15/05/2022,"Jamba, Inc.",1681.26,3983967745-23
18/06/2022,Astoria Financial Corporation,409.69,3060240400-11
22/06/2022,The Medicines Company,1920.57,2100656235-55
13/05/2022,"Ulta Beauty, Inc.",1271.1,1956188165-31
23/06/2022,"INC Research Holdings, Inc.",274.63,2796007195-41
07/06/2022,"The Ultimate Software Group, Inc.",1580.58,6967200485-31
11/06/2022,NovoCure Limited,1168.71,8631286170-35
09/06/2022,Glaukos Corporation,597.51,5176011400-11
18/05/2022,Fortress Transportation and Infrastructure Investors LLC,1408.74,4607455755-25
28/06/2022,Vanguard Russell 2000 ETF,948.92,4596076160-27
10/05/2022,"Legg Mason, Inc.",1928.39,2438437475-29
02/06/2022,"SPX FLOW, Inc.",1941.69,1013878215-48
15/05/2022,Howard Hughes Corporation (The),105.95,1017257705-12
01/05/2022,JetBlue Airways Corporation,1666.02,1614754765-29
16/05/2022,Old Point Financial Corporation,1609.2,5190534235-55
16/05/2022,Avista Healthcare Public Acquisition Corp.,914.94,1998479775-32
28/05/2022,PPlus Trust,710.38,1796214165-28
13/06/2022,UnitedHealth Group Incorporated,9.43,3341941190-40
29/06/2022,Materion Corporation,1463.42,3602875235-56
21/05/2022,Ashford Hospitality Trust Inc,96.59,1622007200-44
22/05/2022,"The Navigators Group, Inc.",1796.81,3081988500-34
03/06/2022,"Aoxin Tianli Group, Inc.",1291.53,1771061790-49
13/05/2022,BlackRock Credit Allocation Income Trust,1293.61,1646727165-33
24/06/2022,"Dillard's, Inc.",1626.92,7531322790-46
24/05/2022,"Flowers Foods, Inc.",132.95,8617490740-21
27/06/2022,FirstService Corporation,246.67,5378689765-29
27/05/2022,"MobileIron, Inc.",548.48,2298145270-67
10/05/2022,Davis Select Financial ETF,1070.33,6416388240-57
27/06/2022,"Ryder System, Inc.",1895.76,1757791160-27
27/05/2022,FelCor Lodging Trust Incorporated,1668.99,2805698840-70
24/05/2022,"Equus Total Return, Inc.",462.56,1990913860-74
25/05/2022,"Yum! Brands, Inc.",804.6,4616828210-46
04/05/2022,"HealthEquity, Inc.",1986.42,2900438500-34
09/05/2022,Synovus Financial Corp.,1103.17,3091306415-14
13/05/2022,John Hancock Income Securities Trust,868.43,4851534510-37
11/05/2022,"Autodesk, Inc.",191.25,1958659500-34
03/05/2022,China Southern Airlines Company Limited,1093.45,3051735160-25
06/06/2022,"Tyson Foods, Inc.",1628.47,4333029550-47
12/05/2022,The Providence Service Corporation,672.13,1199977765-27
25/05/2022,"Destination XL Group, Inc.",1531.91,7741986775-33
04/06/2022,DAVIDsTEA Inc.,1370.29,1236070190-40
23/05/2022,Nuveen Select Maturities Municipal Fund,1543.59,3727601235-56
25/05/2022,"Equity Lifestyle Properties, Inc.",1405.14,3396044825-62
06/06/2022,Standex International Corporation,596.25,4813804775-36
27/06/2022,AGNC Investment Corp.,528.26,2759208195-41
30/05/2022,"National Health Investors, Inc.",1197.87,3048269500-34
07/06/2022,"Blackrock MuniAssets Fund, Inc.",1225.89,3327429235-56
11/06/2022,Western Asset High Income Fund II Inc.,1191.75,1273833825-62
20/06/2022,Discover Financial Services,1074.39,3051023255-62
10/06/2022,Belden Inc,1382.22,1626692190-39
25/05/2022,Celyad SA,540.61,2091805775-36
25/06/2022,"Rollins, Inc.",1020.77,6419669450-22
12/06/2022,First Trust SSI Strategic Convertible Securities ETF,1900.66,2299667820-61
21/06/2022,BlackRock New York Investment Quality Municipal Trust Inc. (Th,1079.96,3346170790-46
10/05/2022,CNA Financial Corporation,226.69,5401102840-70
03/05/2022,"Interface, Inc.",1262.0,6678611810-59
16/06/2022,CME Group Inc.,1041.87,3393703165-31
31/05/2022,CPI Card Group Inc.,1395.0,5175322165-31
25/05/2022,"PS Business Parks, Inc.",580.05,4851363500-34
07/05/2022,YPF Sociedad Anonima,354.11,2288020160-27
12/06/2022,"Ramaco Resources, Inc.",485.55,4888640190-39
21/06/2022,Cross Timbers Royalty Trust,878.44,3054076165-28
23/05/2022,"Aerie Pharmaceuticals, Inc.",949.4,3095564100-11
26/05/2022,Moog Inc.,1144.68,8610833160-26
02/06/2022,Nuveen Tax-Advantaged Dividend Growth Fund,725.97,1494778500-35
07/05/2022,First Trust Large Cap Core AlphaDEX Fund,944.71,1209154500-34
23/06/2022,Apollo Commercial Real Estate Finance,61.5,3711950255-62
24/05/2022,"Ohr Pharmaceuticals, Inc.",1089.03,2781650240-57
12/06/2022,Pimco High Income Fund,1372.9,3372659165-29
05/06/2022,Great Plains Energy Inc,270.99,3991704200-44
15/06/2022,Oxford Lane Capital Corp.,1514.86,3564403195-42
26/05/2022,"Adams Natural Resources Fund, Inc.",1581.08,3357358775-36
20/06/2022,Apollo Investment Corporation,844.06,3980630210-47
26/05/2022,Silgan Holdings Inc.,1280.71,1804134790-55
28/05/2022,Capital One Financial Corporation,1629.46,8539311185-38
09/06/2022,Hovnanian Enterprises Inc,1777.02,2604478460-25
29/06/2022,"Shiloh Industries, Inc.",1251.66,3058594165-31
10/05/2022,Monster Beverage Corporation,668.17,1770034500-34
23/06/2022,"Goldman Sachs Group, Inc. (The)",1574.02,2438191790-46
02/06/2022,Jacobs Engineering Group Inc.,746.35,2003723160-27
07/06/2022,Kosmos Energy Ltd.,605.87,8510295170-35
24/05/2022,"Delcath Systems, Inc.",1857.92,6106717235-55
11/06/2022,"Kelly Services, Inc.",1564.89,1634422235-56
31/05/2022,"Werner Enterprises, Inc.",968.93,1773429190-40
24/06/2022,"Automatic Data Processing, Inc.",1182.13,3577799195-41
19/05/2022,Nam Tai Property Inc.,1818.04,3072163825-63
26/06/2022,Nuveen Texas Quality Municipal Income Fund,1389.76,3345594710-13
21/06/2022,"Cempra, Inc.",512.6,1278944240-58
06/06/2022,"ATN International, Inc.",27.88,4838049195-41
23/06/2022,Equity Residential,1103.55,3844017530-42
04/06/2022,"Heartland Express, Inc.",1575.11,2004896105-12
27/05/2022,"Tyson Foods, Inc.",1975.12,6965629835-68
28/06/2022,"Seabridge Gold, Inc.",1817.62,3051347235-56
09/06/2022,Hubbell Inc,1500.63,6691103865-75
10/05/2022,"Neothetics, Inc.",1074.27,7979432705-11
26/05/2022,"Pluristem Therapeutics, Inc.",1094.19,3082894210-46
17/06/2022,"Delaware Investments Dividend & Income Fund, Inc.",1500.36,2898421235-56
01/06/2022,"Applied Industrial Technologies, Inc.",1388.39,1616196790-46
19/05/2022,"The Navigators Group, Inc.",190.16,3079478200-43
09/06/2022,Veeva Systems Inc.,1189.97,3699372235-55
31/05/2022,PartnerRe Ltd.,810.89,3983967745-23
15/05/2022,Microbot Medical Inc. ,443.72,3060240400-11
01/06/2022,"CorEnergy Infrastructure Trust, Inc.",858.01,2100656235-55
28/06/2022,"Home BancShares, Inc.",106.86,1956188165-31
24/05/2022,"Ottawa Bancorp, Inc.",923.58,2796007195-41
04/06/2022,SecureWorks Corp.,1872.53,6967200485-31
20/05/2022,E.W. Scripps Company (The),389.72,8631286170-35
17/06/2022,"Synergy Pharmaceuticals, Inc.",662.99,5176011400-11
18/06/2022,Geospace Technologies Corporation,1710.28,4607455755-25
31/05/2022,"Jason Industries, Inc.",1751.55,4596076160-27
09/05/2022,First Trust NASDAQ-100 Ex-Technology Sector Index Fund,52.85,2438437475-29
19/06/2022,"Sunstone Hotel Investors, Inc.",263.01,1013878215-48
03/05/2022,"HopFed Bancorp, Inc.",1783.42,1017257705-12
16/05/2022,Cerus Corporation,402.08,1614754765-29
28/05/2022,"Wynn Resorts, Limited",659.91,5190534235-55
07/05/2022,"Select Energy Services, Inc.",375.38,1998479775-32
09/05/2022,Aradigm Corporation,723.55,1796214165-28
02/05/2022,PennyMac Mortgage Investment Trust,736.85,3341941190-40
19/05/2022,DTE Energy Company,503.49,3602875235-56
17/06/2022,"CSW Industrials, Inc.",1422.95,1622007200-44
05/06/2022,Teradata Corporation,1817.35,3081988500-34
15/05/2022,Penn Virginia Corporation,319.48,1771061790-49
22/06/2022,CSI Compressco LP,1107.16,1646727165-33
14/05/2022,Ellington Financial LLC,1591.63,7531322790-46
13/06/2022,"Immunomedics, Inc.",781.63,8617490740-21
25/06/2022,Capital One Financial Corporation,129.99,5378689765-29
06/05/2022,Eastman Kodak Company,1655.02,2298145270-67
20/05/2022,Pioneer Municipal High Income Trust,1085.42,6416388240-57
28/05/2022,"Armada Hoffler Properties, Inc.",1260.49,1757791160-27
23/05/2022,"Customers Bancorp, Inc",425.66,2805698840-70
19/06/2022,Civeo Corporation,1784.47,1990913860-74
24/05/2022,Tiptree Inc.,366.0,4616828210-46
11/05/2022,"Air T, Inc.",1116.34,2900438500-34
27/06/2022,"Bonanza Creek Energy, Inc.",281.94,3091306415-14
15/06/2022,"Dover Motorsports, Inc.",1073.06,4851534510-37
06/06/2022,Apartment Investment and Management Company,1453.35,1958659500-34
01/06/2022,"Medical Properties Trust, Inc.",1916.3,3051735160-25
17/05/2022,The Obesity ETF,14.87,4333029550-47
26/05/2022,"SG Blocks, Inc.",737.95,1199977765-27
08/05/2022,Approach Resources Inc.,1011.67,7741986775-33
11/06/2022,Flaherty & Crumrine Preferred Income Opportunity Fund Inc,54.28,1236070190-40
15/06/2022,"Big Lots, Inc.",549.02,3727601235-56
26/06/2022,iPath US Treasury Steepener ETN,185.71,3396044825-62
12/05/2022,Vanguard Mortgage-Backed Securities ETF,1143.25,4813804775-36
23/05/2022,Ingersoll-Rand plc (Ireland),1082.88,2759208195-41
05/05/2022,Iron Mountain Incorporated,701.33,3048269500-34
01/05/2022,Pimco New York Municipal Income Fund II,1724.8,3327429235-56
06/06/2022,"Ambac Financial Group, Inc.",834.13,1273833825-62
09/05/2022,Hanesbrands Inc.,1117.6,3051023255-62
06/05/2022,"Smart Sand, Inc.",1776.0,1626692190-39
01/06/2022,General Electric Company,613.84,2091805775-36
27/05/2022,Puma Biotechnology Inc,939.85,6419669450-22
18/05/2022,"Lazard World Dividend & Income Fund, Inc.",930.04,2299667820-61
06/06/2022,Big 5 Sporting Goods Corporation,1981.4,3346170790-46
20/06/2022,Gafisa SA,131.56,5401102840-70
29/05/2022,Unico American Corporation,301.61,6678611810-59
01/05/2022,PowerShares 1-30 Laddered Treasury Portfolio,769.07,3393703165-31
03/06/2022,"Adams Natural Resources Fund, Inc.",163.05,5175322165-31
08/06/2022,"Duff & Phelps Utility & Corporate Bond Trust, Inc.",955.19,4851363500-34
11/06/2022,Invesco Pennsylvania Value Municipal Income Trust,1173.5,2288020160-27
12/05/2022,Brookfield Canada Office Properties,1028.45,4888640190-39
14/05/2022,"Nivalis Therapeutics, Inc.",371.1,3054076165-28
07/06/2022,"ASV Holdings, Inc.",527.92,3095564100-11
06/06/2022,"Bay Bancorp, Inc.",867.93,8610833160-26
06/06/2022,"China Automotive Systems, Inc.",541.59,1494778500-35
11/05/2022,Check Point Software Technologies Ltd.,1340.58,1209154500-34
24/06/2022,"Wolverine Bancorp, Inc.",1633.78,3711950255-62
14/06/2022,"BofI Holding, Inc.",1100.49,2781650240-57
08/05/2022,Petroquest Energy Inc,1012.06,3372659165-29
07/06/2022,"CorEnergy Infrastructure Trust, Inc.",190.67,3991704200-44
05/05/2022,CarMax Inc,356.83,3564403195-42
20/05/2022,"General American Investors, Inc.",1619.71,3357358775-36
19/05/2022,First Trust Alternative Absolute Return Strategy ETF,1179.55,3980630210-47
27/06/2022,BlackRock New Jersey Municipal Income Trust,1961.86,1804134790-55
19/06/2022,First Trust SSI Strategic Convertible Securities ETF,1687.47,8539311185-38
03/05/2022,Autobytel Inc.,850.08,2604478460-25
28/06/2022,Carvana Co.,457.34,3058594165-31
28/05/2022,Diana Shipping inc.,689.35,1770034500-34
15/05/2022,"Argan, Inc.",1734.99,2438191790-46
25/05/2022,U.S. Bancorp,306.27,2003723160-27
26/05/2022,FinTech Acquisition Corp. II,1194.26,8510295170-35
27/05/2022,Antero Midstream Partners LP,1467.04,6106717235-55
18/06/2022,"Viking Therapeutics, Inc.",937.12,1634422235-56
27/06/2022,"FSB Bancorp, Inc.",185.15,1773429190-40
26/05/2022,Control4 Corporation,1915.93,3577799195-41
07/05/2022,Eaton Vance Enhance Equity Income Fund,1217.52,3072163825-63
19/06/2022,Principal Shareholder Yield Index ETF,1328.84,3345594710-13
03/06/2022,"Cellectar Biosciences, Inc.",725.34,1278944240-58
09/06/2022,"Retail Properties of America, Inc.",1430.19,4838049195-41
26/06/2022,Five Oaks Investment Corp.,152.53,3844017530-42
10/06/2022,"First Cash, Inc.",429.19,2004896105-12
21/05/2022,"Colony NorthStar, Inc.",230.3,6965629835-68
20/05/2022,First Internet Bancorp,511.75,3051347235-56
23/05/2022,Shenandoah Telecommunications Co,1719.24,6691103865-75
24/05/2022,MGC Diagnostics Corporation,1985.51,7979432705-11
22/06/2022,Nortel Inversora SA,1213.45,3082894210-46
20/06/2022,Terex Corporation,1589.67,2898421235-56
27/05/2022,"Blackrock MuniYield California Insured Fund, Inc.",1980.44,1616196790-46
03/06/2022,ACADIA Pharmaceuticals Inc.,241.88,3079478200-43
01/06/2022,Comcast Corporation,1690.89,3699372235-55
09/06/2022,Potash Corporation of Saskatchewan Inc.,1090.22,3983967745-23
30/05/2022,Select Comfort Corporation,369.65,3060240400-11
24/06/2022,CardConnect Corp.,1967.79,2100656235-55
16/06/2022,Hanesbrands Inc.,1581.63,1956188165-31
12/05/2022,TELUS Corporation,1139.43,2796007195-41
21/05/2022,First Trust Multi Cap Value AlphaDEX Fund,1053.24,6967200485-31
18/05/2022,Liberty Media Corporation,1175.06,8631286170-35
27/05/2022,Broadcom Limited,988.5,5176011400-11
03/06/2022,Viavi Solutions Inc.,1561.17,4607455755-25
16/05/2022,Big 5 Sporting Goods Corporation,1960.8,4596076160-27
17/05/2022,Axar Acquisition Corp.,1743.69,2438437475-29
03/05/2022,Ares Capital Corporation,1225.45,1013878215-48
18/05/2022,Genworth Financial Inc,884.48,1017257705-12
27/05/2022,Diodes Incorporated,1221.77,1614754765-29
04/06/2022,"United-Guardian, Inc.",45.14,5190534235-55
25/05/2022,"Westar Energy, Inc.",890.13,1998479775-32
02/06/2022,"Shiloh Industries, Inc.",829.88,1796214165-28
14/05/2022,Murphy Oil Corporation,1892.91,3341941190-40
07/05/2022,"Ramaco Resources, Inc.",1900.04,3602875235-56
21/05/2022,Hudbay Minerals Inc.,1224.11,1622007200-44
17/06/2022,Siebert Financial Corp.,358.62,3081988500-34
10/06/2022,"Duff & Phelps Utility & Corporate Bond Trust, Inc.",991.97,1771061790-49
15/06/2022,"Mellanox Technologies, Ltd.",1578.8,1646727165-33
13/06/2022,"Aerie Pharmaceuticals, Inc.",1908.04,7531322790-46
17/05/2022,"CBRE Group, Inc.",1385.64,8617490740-21
10/06/2022,Quinpario Acquisition Corp. 2,117.09,5378689765-29
29/05/2022,"DHT Holdings, Inc.",130.8,2298145270-67
19/05/2022,"InfraREIT, Inc.",1001.07,6416388240-57
15/05/2022,Burcon NutraScience Corp,1859.03,1757791160-27
14/05/2022,Markel Corporation,788.81,2805698840-70
25/05/2022,Westpac Banking Corporation,1752.9,1990913860-74
25/05/2022,Ichor Holdings,577.47,4616828210-46
19/06/2022,Nuveen Tax-Advantaged Total Return Strategy Fund,1377.27,2900438500-34
27/06/2022,"Republic Bancorp, Inc.",633.56,3091306415-14
16/05/2022,"Dr Pepper Snapple Group, Inc",1781.57,4851534510-37
13/05/2022,Blackrock Florida Municipal 2020 Term Trust,792.5,1958659500-34
27/05/2022,"Atara Biotherapeutics, Inc.",470.68,3051735160-25
23/06/2022,"Monarch Casino & Resort, Inc.",516.29,4333029550-47
17/06/2022,"New York Community Bancorp, Inc.",1208.3,1199977765-27
12/06/2022,"Redwood Trust, Inc.",1189.16,7741986775-33
03/06/2022,"Cogentix Medical, Inc.",434.86,1236070190-40
08/06/2022,AMREP Corporation,801.14,3727601235-56
13/05/2022,"WideOpenWest, Inc.",530.98,3396044825-62
28/05/2022,"Evolving Systems, Inc.",627.24,4813804775-36
18/05/2022,Mosaic Company (The),1009.86,2759208195-41
24/05/2022,"Colony NorthStar, Inc.",1196.93,3048269500-34
28/05/2022,M&T Bank Corporation,1549.62,3327429235-56
14/06/2022,"Insmed, Inc.",1198.47,1273833825-62
01/06/2022,PPlus Trust,1794.4,3051023255-62
06/05/2022,"NRG Yield, Inc.",407.52,1626692190-39
24/06/2022,Northern Technologies International Corporation,35.17,2091805775-36
26/05/2022,Infosys Limited,1446.43,6419669450-22
03/06/2022,BB&T Corporation,1771.44,2299667820-61
22/06/2022,Callon Petroleum Company,724.6,3346170790-46
20/06/2022,UGI Corporation,1217.38,5401102840-70
02/05/2022,"Goldman Sachs Group, Inc. (The)",178.37,6678611810-59
20/06/2022,EMCORE Corporation,1781.13,3393703165-31
27/06/2022,Rayonier Advanced Materials Inc.,844.18,5175322165-31
13/05/2022,Sabine Royalty Trust,1033.61,4851363500-34
26/06/2022,"ARMOUR Residential REIT, Inc.",1527.39,2288020160-27
30/05/2022,"Black Knight Financial Services, Inc.",1249.66,4888640190-39
18/06/2022,"TriNet Group, Inc.",621.92,3054076165-28
